xyz_index,pdb_serial,atom_name,resname,resid,element
1,1,N2,PAF,1,N
2,2,C9,PAF,1,C
3,3,C7,PAF,1,C
4,4,C4,PAF,1,C
5,5,C3,PAF,1,C
6,6,C5,PAF,1,C
7,7,C8,PAF,1,C
8,8,C1,PAF,1,C
9,9,C2,PAF,1,C
10,10,C10,ENL,2,C
11,11,C11,ENL,2,C
12,12,C12,ENL,2,C
13,13,C13,ENL,2,C
14,14,C14,ENL,2,C
15,15,C15,ENL,2,C
16,16,O1,ENL,2,O
17,17,N1,IND,3,N
18,18,C1,IND,3,C
19,19,C2,IND,3,C
20,20,C3,IND,3,C
21,21,C4,IND,3,C
22,22,C5,IND,3,C
23,23,C6,IND,3,C
24,24,C7,IND,3,C
25,25,C8,IND,3,C
26,26,C9,IND,3,C
27,27,O3,WAT,4,O
28,28,H4,PAF,1,H
29,29,H22,PAF,1,H
30,30,H11,PAF,1,H
31,31,H9,PAF,1,H
32,32,H10,PAF,1,H
33,33,H12,PAF,1,H
34,34,H6,PAF,1,H
35,35,H7,PAF,1,H
36,36,H8,PAF,1,H
37,37,H2,PAF,1,H
38,38,H,NME,2,H
39,39,H12,ENL,2,H
40,40,H13,ENL,2,H
41,41,H14,ENL,2,H
42,42,H15,ENL,2,H
43,43,H16,ENL,2,H
44,44,H17,ENL,2,H
45,45,H18,ENL,2,H
46,46,H19,ENL,2,H
47,47,H20,ENL,2,H
48,48,H21,ENL,2,H
49,49,H1,IND,3,H
50,50,H2,IND,3,H
51,51,H3,IND,3,H
52,52,H4,IND,3,H
53,53,H5,IND,3,H
54,54,H6,IND,3,H
55,55,H7,IND,3,H
56,56,H8,IND,3,H
57,57,H9,IND,3,H
58,58,H22,WAT,4,H
59,59,H23,WAT,4,H
60,60,O3,WA2,5,O
61,61,H22,WA2,5,H
62,62,H23,WA2,5,H
63,63,N1,PAF,1,N
64,64,C6,PAF,1,C
65,65,O2,PAF,1,O
66,66,CH3,ACE,0,C
67,67,C,ACE,0,C
68,68,O,ACE,0,O
69,69,HH31,ACE,0,H
70,70,HH32,ACE,0,H
71,71,HH33,ACE,0,H
72,72,N,NME,2,N
73,73,CH3,NME,2,C
74,74,HH31,NME,2,H
75,75,HH32,NME,2,H
76,76,HH33,NME,2,H
