atom_index,atomic_number,element,covCN,charge,C6AA,alpha
1,7,N,2.684,-0.28,27.226,7.75
2,6,C,2.916,0.075,26.316,8.412
3,6,C,2.922,-0.047,29.165,8.856
4,6,C,2.926,-0.034,28.835,8.806
5,6,C,2.978,0.005,27.916,8.667
6,6,C,2.926,-0.039,28.969,8.827
7,6,C,2.922,-0.055,29.365,8.886
8,6,C,3.81,-0.065,21.73,6.635
9,6,C,3.798,0.021,20.226,6.404
10,6,C,3.672,0.184,17.877,6.06
11,6,C,2.89,-0.071,29.774,8.946
12,6,C,2.891,-0.033,28.822,8.802
13,6,C,3.808,-0.063,21.699,6.631
14,6,C,3.802,-0.051,21.486,6.599
15,6,C,3.752,-0.104,22.556,6.773
16,8,O,1.653,-0.485,22.569,6.413
17,7,N,2.783,-0.129,23.792,7.244
18,6,C,3.091,0.043,26.925,8.505
19,6,C,3.108,-0.017,28.292,8.715
20,6,C,3.015,-0.093,30.324,9.033
21,6,C,2.908,-0.054,29.335,8.881
22,6,C,2.911,-0.042,29.052,8.838
23,6,C,3.074,0.05,26.811,8.49
24,6,C,2.924,-0.041,29.006,8.832
25,6,C,2.919,-0.045,29.114,8.848
26,6,C,3.754,-0.115,22.766,6.804
27,8,O,1.609,-0.594,25.048,6.755
28,1,H,0.86,0.174,1.252,1.753
29,1,H,0.803,0.312,0.688,1.303
30,1,H,0.926,0.051,2.308,2.376
31,1,H,0.926,0.029,2.601,2.522
32,1,H,0.926,0.029,2.599,2.521
33,1,H,0.926,0.052,2.3,2.372
34,1,H,0.924,0.049,2.334,2.389
35,1,H,0.924,0.04,2.455,2.45
36,1,H,0.924,0.064,2.155,2.296
37,1,H,0.86,0.198,1.114,1.653
38,1,H,0.86,0.171,1.264,1.761
39,1,H,0.923,0.035,2.521,2.483
40,1,H,0.925,0.058,2.227,2.334
41,1,H,0.925,0.037,2.486,2.466
42,1,H,0.924,0.056,2.248,2.345
43,1,H,0.924,0.038,2.48,2.463
44,1,H,0.924,0.029,2.606,2.524
45,1,H,0.924,0.035,2.514,2.479
46,1,H,0.925,0.033,2.544,2.494
47,1,H,0.925,0.042,2.428,2.437
48,1,H,0.925,0.032,2.557,2.5
49,1,H,0.86,0.2,1.104,1.646
50,1,H,0.926,0.016,2.801,2.617
51,1,H,0.926,0.016,2.79,2.612
52,1,H,0.926,0.017,2.776,2.606
53,1,H,0.926,0.016,2.787,2.611
54,1,H,0.926,0.015,2.803,2.618
55,1,H,0.925,0.044,2.399,2.422
56,1,H,0.924,0.048,2.343,2.394
57,1,H,0.925,0.052,2.301,2.372
