xyz_index,pdb_serial,pdb_id,res_atom,chain,resid,resname,atom_name,element
1,1,1.N2,PAF.N2,A,1,PAF,N2,N
2,2,1.C9,PAF.C9,A,1,PAF,C9,C
3,3,1.C7,PAF.C7,A,1,PAF,C7,C
4,4,1.C4,PAF.C4,A,1,PAF,C4,C
5,5,1.C3,PAF.C3,A,1,PAF,C3,C
6,6,1.C5,PAF.C5,A,1,PAF,C5,C
7,7,1.C8,PAF.C8,A,1,PAF,C8,C
8,8,1.C1,PAF.C1,A,1,PAF,C1,C
9,9,1.C2,PAF.C2,A,1,PAF,C2,C
10,10,2.C10,ENL.C10,B,2,ENL,C10,C
11,11,2.C11,ENL.C11,B,2,ENL,C11,C
12,12,2.C12,ENL.C12,B,2,ENL,C12,C
13,13,2.C13,ENL.C13,B,2,ENL,C13,C
14,14,2.C14,ENL.C14,B,2,ENL,C14,C
15,15,2.C15,ENL.C15,B,2,ENL,C15,C
16,16,2.O1,ENL.O1,B,2,ENL,O1,O
17,27,4.O3,WAT.O3,W,4,WAT,O3,O
18,28,1.H4,PAF.H4,A,1,PAF,H4,H
19,29,1.H22,PAF.H22,A,1,PAF,H22,H
20,30,1.H11,PAF.H11,A,1,PAF,H11,H
21,31,1.H9,PAF.H9,A,1,PAF,H9,H
22,32,1.H10,PAF.H10,A,1,PAF,H10,H
23,33,1.H12,PAF.H12,A,1,PAF,H12,H
24,34,1.H6,PAF.H6,A,1,PAF,H6,H
25,35,1.H7,PAF.H7,A,1,PAF,H7,H
26,36,1.H8,PAF.H8,A,1,PAF,H8,H
27,37,1.H2,PAF.H2,A,1,PAF,H2,H
28,38,2.H,NME.H,A,2,NME,H,H
29,39,2.H12,ENL.H12,B,2,ENL,H12,H
30,40,2.H13,ENL.H13,B,2,ENL,H13,H
31,41,2.H14,ENL.H14,B,2,ENL,H14,H
32,42,2.H15,ENL.H15,B,2,ENL,H15,H
33,43,2.H16,ENL.H16,B,2,ENL,H16,H
34,44,2.H17,ENL.H17,B,2,ENL,H17,H
35,45,2.H18,ENL.H18,B,2,ENL,H18,H
36,46,2.H19,ENL.H19,B,2,ENL,H19,H
37,47,2.H20,ENL.H20,B,2,ENL,H20,H
38,48,2.H21,ENL.H21,B,2,ENL,H21,H
39,58,4.H22,WAT.H22,W,4,WAT,H22,H
40,59,4.H23,WAT.H23,W,4,WAT,H23,H
41,60,5.O3,WA2.O3,X,5,WA2,O3,O
42,61,5.H22,WA2.H22,X,5,WA2,H22,H
43,62,5.H23,WA2.H23,X,5,WA2,H23,H
44,63,1.N1,PAF.N1,A,1,PAF,N1,N
45,64,1.C6,PAF.C6,A,1,PAF,C6,C
46,65,1.O2,PAF.O2,A,1,PAF,O2,O
47,66,0.CH3,ACE.CH3,A,0,ACE,CH3,C
48,67,0.C,ACE.C,A,0,ACE,C,C
49,68,0.O,ACE.O,A,0,ACE,O,O
50,69,0.HH31,ACE.HH31,A,0,ACE,HH31,H
51,70,0.HH32,ACE.HH32,A,0,ACE,HH32,H
52,71,0.HH33,ACE.HH33,A,0,ACE,HH33,H
53,72,2.N,NME.N,A,2,NME,N,N
54,73,2.CH3,NME.CH3,A,2,NME,CH3,C
55,74,2.HH31,NME.HH31,A,2,NME,HH31,H
56,75,2.HH32,NME.HH32,A,2,NME,HH32,H
57,76,2.HH33,NME.HH33,A,2,NME,HH33,H
