Variant,mean_old,mean_new,sd_old,sd_new,n_old,n_new,normal_old,normal_new,transformed_for_test,t_stat,p_value,fold_change,fold_change_log2,fc_CI_low,fc_CI_high
D100A,22.25,3.3333333333333335,13.047988350699889,0.5773502691896258,4,3,True,False,True,6.302572690471085,0.004098266010438172,6.675,2.7387678368001915,3.637071542485084,12.25041203604059
F93A,29.75,7.0,4.349329450233296,0.0,4,3,True,True,False,10.461382730517093,0.0018646569351712505,4.25,2.0874628412503395,3.6827125500541573,4.904672779778692
K22A,46.25,13.666666666666666,4.425306015783918,0.5773502691896257,4,3,True,False,True,22.59551539790689,1.1220757956088107e-05,3.3841463414634148,1.7587919566193846,3.046069834836867,3.7597452065814356
M89A,37.0,12.666666666666666,4.760952285695233,0.5773502691896257,4,3,True,False,True,15.239675685223055,0.00012010902907102194,2.9210526315789473,1.5464883529065205,2.549009261009153,3.3473979898669555
S97A,46.5,16.666666666666668,3.5118845842842465,1.5275252316519465,4,3,True,True,False,15.18258184127148,6.786706143342277e-05,2.7899999999999996,1.4802651220544627,2.4562335668221937,3.1691204391733994
N88A,36.5,14.0,7.593857166596345,1.0,4,3,True,True,False,5.858500994137074,0.008738227222629479,2.607142857142857,1.3824696368224132,2.093697801897518,3.2465018931532175
N19A,41.5,16.0,6.95221787153807,1.7320508075688772,4,3,True,False,True,8.901142690588765,0.00030352279113462615,2.59375,1.3750394313469247,2.1133398534731564,3.1833682838298176
A92E,35.5,14.0,1.2909944487358056,0.0,4,3,True,True,False,33.307656777383784,5.94882252730664e-05,2.5357142857142856,1.3423921974470778,2.4469376445839166,2.627711806636109
S95A,38.25,15.333333333333334,4.7871355387816905,1.1547005383792517,4,3,True,False,True,12.12575561187717,7.184551854040219e-05,2.494565217391304,1.318788387356795,2.148495591036345,2.8963781214076776
WT,42.0,17.0,5.228129047119374,0.0,4,3,True,True,False,9.563650695950074,0.0024252953504499655,2.4705882352941178,1.304854581528421,2.1868646209194416,2.7911221252495406
E7A,40.25,17.0,2.0615528128088303,1.0,4,3,True,True,False,19.679142682454895,1.5112070026256078e-05,2.3676470588235294,1.2434540368642777,2.1782662045483767,2.573492892397859
A11L,41.0,17.333333333333332,2.449489742783178,1.5275252316519465,4,3,True,True,False,15.681276702628212,2.1396575912218962e-05,2.3653846153846154,1.2420747871981477,2.107076362740352,2.655359092644183
L18A,35.75,17.333333333333332,6.4485140407177015,1.5275252316519468,4,3,True,True,False,5.509526187133722,0.008155265821529843,2.0625,1.0443941193584534,1.6836474858683903,2.526601492120498
