xyz_index,pdb_serial,resid,resname,atom_name,element
1,1,1,PAF,N2,N
2,2,1,PAF,C9,C
3,3,1,PAF,C7,C
4,4,1,PAF,C4,C
5,5,1,PAF,C3,C
6,6,1,PAF,C5,C
7,7,1,PAF,C8,C
8,8,1,PAF,C1,C
9,9,1,PAF,C2,C
10,10,2,ENL,C10,C
11,11,2,ENL,C11,C
12,12,2,ENL,C12,C
13,13,2,ENL,C13,C
14,14,2,ENL,C14,C
15,15,2,ENL,C15,C
16,16,2,ENL,O1,O
17,27,4,WAT,O3,O
18,28,1,PAF,H4,H
19,29,1,PAF,H22,H
20,30,1,PAF,H11,H
21,31,1,PAF,H9,H
22,32,1,PAF,H10,H
23,33,1,PAF,H12,H
24,34,1,PAF,H6,H
25,35,1,PAF,H7,H
26,36,1,PAF,H8,H
27,37,1,PAF,H2,H
28,38,2,NME,H,H
29,39,2,ENL,H12,H
30,40,2,ENL,H13,H
31,41,2,ENL,H14,H
32,42,2,ENL,H15,H
33,43,2,ENL,H16,H
34,44,2,ENL,H17,H
35,45,2,ENL,H18,H
36,46,2,ENL,H19,H
37,47,2,ENL,H20,H
38,48,2,ENL,H21,H
39,58,4,WAT,H22,H
40,59,4,WAT,H23,H
41,60,5,WA2,O3,O
42,61,5,WA2,H22,H
43,62,5,WA2,H23,H
44,63,1,PAF,N1,N
45,64,1,PAF,C6,C
46,65,1,PAF,O2,O
47,66,0,ACE,CH3,C
48,67,0,ACE,C,C
49,68,0,ACE,O,O
50,69,0,ACE,HH31,H
51,70,0,ACE,HH32,H
52,71,0,ACE,HH33,H
53,72,2,NME,N,N
54,73,2,NME,CH3,C
55,74,2,NME,HH31,H
56,75,2,NME,HH32,H
57,76,2,NME,HH33,H
