serial,atom_name,resname,chain,resid,element,x,y,z,xyz_index
1,N2,PAF,A,1,N,0.0,0.0,0.0,1
2,C9,PAF,A,1,C,1.46,0.0,0.0,2
3,C7,PAF,A,1,C,2.155,0.774,0.922,3
4,C4,PAF,A,1,C,3.545,0.774,0.922,4
5,C3,PAF,A,1,C,4.24,-0.0,-0.0,5
6,C5,PAF,A,1,C,3.545,-0.774,-0.922,6
7,C8,PAF,A,1,C,2.155,-0.774,-0.922,7
8,C1,PAF,A,1,C,5.74,-0.0,-0.0,8
9,C2,PAF,A,1,C,6.24,1.083,-0.909,9
10,C10,ENL,B,2,C,-0.764,1.256,0.0,10
11,C11,ENL,B,2,C,-0.011,2.554,0.0,11
12,C12,ENL,B,2,C,-0.658,3.728,0.0,12
13,C13,ENL,B,2,C,0.095,5.026,0.0,13
14,C14,ENL,B,2,C,0.345,5.459,-1.414,14
15,C15,ENL,B,2,C,1.097,6.756,-1.414,15
16,O1,ENL,B,2,O,-1.69,1.247,1.076,16
27,O3,WAT,W,4,O,-2.579,-1.676,-0.388,17
28,H4,PAF,A,1,H,-0.34,-0.605,0.748,18
29,H22,PAF,A,1,H,-0.34,-0.605,-0.748,19
30,H11,PAF,A,1,H,1.614,1.376,1.64,20
31,H9,PAF,A,1,H,4.086,1.376,1.64,21
32,H10,PAF,A,1,H,4.086,-1.376,-1.64,22
33,H12,PAF,A,1,H,1.614,-1.376,-1.64,23
34,H6,PAF,A,1,H,6.103,-0.966,-0.351,24
35,H7,PAF,A,1,H,6.103,0.178,1.012,25
36,H8,PAF,A,1,H,5.876,2.049,-0.558,26
37,H2,PAF,A,1,H,6.374,0.46,-2.963,27
38,H,NME,A,2,H,7.93,3.096,-1.265,28
39,H12,ENL,B,2,H,-1.475,1.249,-0.826,29
40,H13,ENL,B,2,H,1.068,2.511,0.0,30
41,H14,ENL,B,2,H,-1.737,3.771,0.0,31
42,H15,ENL,B,2,H,-0.493,5.787,0.514,32
43,H16,ENL,B,2,H,1.047,4.894,0.514,33
44,H17,ENL,B,2,H,0.933,4.698,-1.928,34
45,H18,ENL,B,2,H,-0.607,5.591,-1.928,35
46,H19,ENL,B,2,H,1.28,7.071,-2.442,36
47,H20,ENL,B,2,H,0.51,7.517,-0.9,37
48,H21,ENL,B,2,H,2.05,6.625,-0.9,38
58,H22,WAT,W,4,H,-3.071,-2.426,-0.756,39
59,H23,WAT,W,4,H,-3.241,-0.973,-0.295,40
60,O3,WA2,X,5,O,-3.444,-0.112,3.382,41
61,H22,WA2,X,5,H,-3.192,-0.65,4.149,42
62,H23,WA2,X,5,H,-4.414,-0.121,3.388,43
63,N1,PAF,A,1,N,5.754,0.844,-2.265,44
64,C6,PAF,A,1,C,7.76,1.083,-0.909,45
65,O2,PAF,A,1,O,8.375,0.034,-0.724,46
66,CH3,ACE,A,0,C,3.972,0.889,-3.987,47
67,C,ACE,A,0,C,4.475,1.137,-2.585,48
68,O,ACE,A,0,O,3.72,1.605,-1.734,49
69,HH31,ACE,A,0,H,4.305,-0.092,-4.324,50
70,HH32,ACE,A,0,H,4.366,1.656,-4.655,51
71,HH33,ACE,A,0,H,2.883,0.926,-3.994,52
72,N,NME,A,2,N,8.435,2.234,-1.112,53
73,CH3,NME,A,2,C,9.885,2.234,-1.112,54
74,HH31,NME,A,2,H,10.248,3.262,-1.112,55
75,HH32,NME,A,2,H,10.248,1.72,-2.002,56
76,HH33,NME,A,2,H,10.248,1.72,-0.222,57
